name,label,actor
02-01-03-01-01-02-03.mp4,3,3
02-01-08-01-01-02-03.mp4,8,3
02-01-07-02-02-01-03.mp4,7,3
02-01-01-01-02-01-03.mp4,1,3
02-01-06-02-01-01-03.mp4,6,3
02-01-08-02-01-02-03.mp4,8,3
02-01-04-02-02-02-03.mp4,4,3
02-01-05-02-01-02-03.mp4,5,3
02-01-04-02-01-01-03.mp4,4,3
02-01-08-01-01-01-03.mp4,8,3
02-01-08-02-02-02-03.mp4,8,3
02-01-02-01-01-01-03.mp4,2,3
02-01-02-01-01-02-03.mp4,2,3
02-01-02-02-01-02-03.mp4,2,3
02-01-06-02-02-02-03.mp4,6,3
02-01-07-02-01-01-03.mp4,7,3
02-01-03-02-01-02-03.mp4,3,3
02-01-03-02-02-02-03.mp4,3,3
02-01-04-01-02-01-03.mp4,4,3
02-01-05-01-02-02-03.mp4,5,3
02-01-04-01-01-01-03.mp4,4,3
02-01-02-02-02-02-03.mp4,2,3
02-01-03-01-02-02-03.mp4,3,3
02-01-01-01-01-02-03.mp4,1,3
02-01-07-01-01-01-03.mp4,7,3
02-01-06-01-01-01-03.mp4,6,3
02-01-06-02-02-01-03.mp4,6,3
02-01-07-02-02-02-03.mp4,7,3
02-01-08-01-02-02-03.mp4,8,3
02-01-04-01-01-02-03.mp4,4,3
02-01-02-02-02-01-03.mp4,2,3
02-01-03-02-01-01-03.mp4,3,3
02-01-02-01-02-01-03.mp4,2,3
02-01-06-01-01-02-03.mp4,6,3
02-01-05-01-01-02-03.mp4,5,3
02-01-02-01-02-02-03.mp4,2,3
02-01-05-02-01-01-03.mp4,5,3
02-01-04-02-01-02-03.mp4,4,3
02-01-07-01-01-02-03.mp4,7,3
02-01-06-01-02-01-03.mp4,6,3
02-01-03-02-02-01-03.mp4,3,3
02-01-08-02-02-01-03.mp4,8,3
02-01-08-02-01-01-03.mp4,8,3
02-01-08-01-02-01-03.mp4,8,3
02-01-07-01-02-02-03.mp4,7,3
02-01-05-01-02-01-03.mp4,5,3
02-01-05-02-02-01-03.mp4,5,3
02-01-06-01-02-02-03.mp4,6,3
02-01-06-02-01-02-03.mp4,6,3
02-01-01-01-01-01-03.mp4,1,3
02-01-07-02-01-02-03.mp4,7,3
02-01-01-01-02-02-03.mp4,1,3
02-01-05-02-02-02-03.mp4,5,3
02-01-07-01-02-01-03.mp4,7,3
02-01-02-02-01-01-03.mp4,2,3
02-01-04-01-02-02-03.mp4,4,3
02-01-03-01-01-01-03.mp4,3,3
02-01-04-02-02-01-03.mp4,4,3
02-01-05-01-01-01-03.mp4,5,3
02-01-03-01-02-01-03.mp4,3,3